num_expediente;fecha;hora;localizacion;numero;cod_distrito;distrito;tipo_accidente;estado_meteorológico;tipo_vehículo;tipo_persona;rango_edad;sexo;cod_lesividad;tipo_lesividad;coordenada_x_utm;coordenada_y_utm;positiva_alcohol;positiva_droga
2022S000034;02/01/2022;0:05:00;CALL. MARIA TERESA SAENZ DE HEREDIA, 6;6;15;CIUDAD LINEAL;Caída;Despejado;Bicicleta EPAC (pedaleo asistido);Conductor;De 18 a 30 años;Hombre;7;Asistencia sanitaria sólo en el lugar del accidente;444.462.918;4.474.808.752;S;NULL
2022S000290;05/01/2022;10:45:00;PASEO. MARQUES DE MONISTROL / GTA. PUENTE DE SEGOVIA;1;10;LATINA;Colisión fronto-lateral;Se desconoce;Bicicleta EPAC (pedaleo asistido);Conductor;De 18 a 30 años;Mujer;7;Asistencia sanitaria sólo en el lugar del accidente;438.584.377;4.473.973.210;N;NULL
2022S000292;07/01/2022;13:55:00;CALL. PICO CLAVERO, 4A;4A;13;PUENTE DE VALLECAS;Caída;Despejado;Bicicleta EPAC (pedaleo asistido);Conductor;De 61 a 70 años;Mujer;6;Asistencia sanitaria inmediata en centro de salud o mutua;443.492.680;4.472.691.807;N;NULL
2022S000340;08/01/2022;3:00:00;CALL. HUERTAS, 24;24;1;CENTRO;Caída;Despejado;Bicicleta;Conductor;De 31 a 40 años;Mujer;1;Atención en urgencias sin posterior ingreso;440.663.453;4.473.911.843;N;NULL
2022S000359;07/01/2022;18:40:00;PQUE. FUENTE CARRANTONA / AUTOV. M-23;0;14;MORATALAZ;Caída;Despejado;Bicicleta;Conductor;De 51 a 60 años;Hombre;6;Asistencia sanitaria inmediata en centro de salud o mutua;446.645.011;4.473.884.612;N;NULL
2022S000416;09/01/2022;14:20:00;CALL. ALCALA, 69;69;4;SALAMANCA;Colisión lateral;Despejado;Bicicleta;Conductor;Hasta 17 años;Hombre;NULL;NULL;441.492.182;4.474.597.275;N;NULL
2022S000431;09/01/2022;23:30:00;CALL. ALCALA, 291;291;15;CIUDAD LINEAL;Alcance;Despejado;Bicicleta;Conductor;De 18 a 30 años;Hombre;2;Ingreso inferior o igual a 24 horas;444.530.881;4.475.945.207;N;NULL
2022S000432;10/01/2022;0:20:00;CALL. SAGASTA, 30;30;1;CENTRO;Colisión lateral;Despejado;Bicicleta;Conductor;De 18 a 30 años;Hombre;NULL;NULL;440.862.432;4.475.482.512;N;NULL
2022S000464;10/01/2022;14:29:00;CALL. ARACNE, 29;29;20;SAN BLAS-CANILLEJAS;Colisión fronto-lateral;Despejado;Bicicleta;Conductor;De 18 a 30 años;Mujer;6;Asistencia sanitaria inmediata en centro de salud o mutua;449.989.339;4.477.254.626;N;NULL
2022S000477;10/01/2022;17:45:00;CUSTA. SAN VICENTE, 1;1;1;CENTRO;Colisión frontal;Despejado;Bicicleta;Conductor;De 18 a 30 años;Hombre;7;Asistencia sanitaria sólo en el lugar del accidente;439.540.456;4.474.853.177;N;NULL
2022S000477;10/01/2022;17:45:00;CUSTA. SAN VICENTE, 1;1;1;CENTRO;Colisión frontal;Despejado;Bicicleta;Conductor;De 31 a 40 años;Hombre;2;Ingreso inferior o igual a 24 horas;439.540.456;4.474.853.177;N;NULL
2022S000480;10/01/2022;17:45:00;GTA. LUXEMBURGO / AVDA. PARTENON;2;21;BARAJAS;Colisión fronto-lateral;Despejado;Bicicleta;Conductor;De 51 a 60 años;Hombre;7;Asistencia sanitaria sólo en el lugar del accidente;447.427.912;4.479.330.469;N;NULL
2022S000501;10/01/2022;8:25:00;CALL. ARROYOFRESNO, 24;24;8;FUENCARRAL-EL PARDO;Colisión fronto-lateral;Despejado;Bicicleta;Conductor;De 31 a 40 años;Hombre;6;Asistencia sanitaria inmediata en centro de salud o mutua;437.168.035;4.480.967.925;N;NULL
2022S000521;11/01/2022;15:20:00;PASEO. INFANTA ISABEL / CALL. DOCTOR VELASCO;1;3;RETIRO;Colisión fronto-lateral;NULL;Bicicleta;Conductor;De 51 a 60 años;Hombre;NULL;NULL;441.445.395;4.473.281.517;N;NULL
2022S000556;12/01/2022;8:15:00;PASEO. FERNAN NUÑEZ / CALL. ALFONSO XII;1;3;RETIRO;Atropello a persona;Despejado;Bicicleta;Conductor;De 41 a 50 años;Hombre;7;Asistencia sanitaria sólo en el lugar del accidente;441.680.228;4.473.487.644;N;NULL
2022S000556;12/01/2022;8:15:00;PASEO. FERNAN NUÑEZ / CALL. ALFONSO XII;1;3;RETIRO;Atropello a persona;Despejado;Bicicleta;Peatón;De 41 a 50 años;Hombre;1;Atención en urgencias sin posterior ingreso;441.680.228;4.473.487.644;N;NULL
2022S000735;14/01/2022;22:00:00;CALL. MARTINEZ IZQUIERDO / CALL. PILAR DE ZARAGOZA;4;4;SALAMANCA;Alcance;Despejado;Bicicleta;Conductor;De 18 a 30 años;Hombre;5;Asistencia sanitaria ambulatoria con posterioridad;443.244.501;4.476.111.461;N;NULL
2022S000736;14/01/2022;23:52:00;CALL. CARACAS / CALL. FERNANDEZ DE LA HOZ;11;7;CHAMBERÍ;Colisión fronto-lateral;Despejado;Bicicleta EPAC (pedaleo asistido);Conductor;De 31 a 40 años;Hombre;1;Atención en urgencias sin posterior ingreso;441.034.633;4.475.797.555;N;NULL
2022S000788;15/01/2022;13:30:00;CALL. ELOY GONZALO / CALL. SANTA ENGRACIA;7;7;CHAMBERÍ;Colisión fronto-lateral;Despejado;Bicicleta;Conductor;De 51 a 60 años;Hombre;2;Ingreso inferior o igual a 24 horas;440.711.593;4.476.260.492;N;NULL
2022S000907;16/01/2022;10:14:00;PASEO. CASTELLANA / CALL. AYALA;18;4;SALAMANCA;Colisión fronto-lateral;Despejado;Bicicleta;Conductor;De 18 a 30 años;Hombre;7;Asistencia sanitaria sólo en el lugar del accidente;441.532.370;4.475.492.588;N;NULL
2022S000910;16/01/2022;12:50:00;CALL. BRAVO MURILLO, 12;12;7;CHAMBERÍ;Caída;Despejado;Bicicleta;Conductor;De 18 a 30 años;Hombre;7;Asistencia sanitaria sólo en el lugar del accidente;440.268.173;4.476.288.527;N;NULL
2022S000962;17/01/2022;12:10:00;CALL. FUENGIROLA / AVDA. ALBUFERA;1;13;PUENTE DE VALLECAS;Colisión lateral;Despejado;Bicicleta;Conductor;De 51 a 60 años;Hombre;7;Asistencia sanitaria sólo en el lugar del accidente;445.774.873;4.470.855.830;N;NULL
2022S000984;17/01/2022;16:50:00;CALL. SOFIA / AVDA. CANILLEJAS A VICALVARO;7;20;SAN BLAS-CANILLEJAS;Colisión fronto-lateral;Despejado;Bicicleta;Conductor;De 18 a 30 años;Hombre;7;Asistencia sanitaria sólo en el lugar del accidente;448.218.754;4.474.422.707;N;NULL
2022S001014;17/01/2022;18:45:00;CALL. FRANCISCO VILLAESPESA / CALL. LEDESMA;1;15;CIUDAD LINEAL;Colisión fronto-lateral;Despejado;Bicicleta;Conductor;De 51 a 60 años;Hombre;14;Sin asistencia sanitaria;445.138.586;4.475.584.733;N;NULL
2022S001058;18/01/2022;19:55:00;CALL. BRAVO MURILLO / CALL. MANUEL LUNA;201;6;TETUÁN;Alcance;Despejado;Bicicleta;Conductor;De 31 a 40 años;Hombre;3;Ingreso superior a 24 horas;440.417.931;4.478.475.411;N;NULL
2022S001068;18/01/2022;12:50:00;AVDA. ENSANCHE DE VALLECAS / CALL. JOSE GUTIERREZ MAROTO;56;18;VILLA DE VALLECAS;Caída;Despejado;Bicicleta;Conductor;Más de 71 años;Hombre;1;Atención en urgencias sin posterior ingreso;448.773.756;4.468.501.536;N;NULL
2022S001141;19/01/2022;23:26:00;AVDA. REAL DE PINTO, 91;91;17;VILLAVERDE;Alcance;Despejado;Bicicleta;Conductor;De 18 a 30 años;Hombre;7;Asistencia sanitaria sólo en el lugar del accidente;439.471.963;4.465.069.933;N;NULL
2022S001190;20/01/2022;19:00:00;AVDA. CIUDAD DE BARCELONA / CALL. ARREGUI Y ARUEJ;113;3;RETIRO;Colisión fronto-lateral;Despejado;Bicicleta;Conductor;De 31 a 40 años;Mujer;2;Ingreso inferior o igual a 24 horas;443.162.743;4.472.217.220;N;NULL
2022S001303;21/01/2022;17:20:00;CALL. GRAN VIA, 25;25;1;CENTRO;Alcance;Despejado;Bicicleta;Conductor;De 41 a 50 años;Hombre;NULL;NULL;440.445.854;4.474.611.498;N;NULL
2022S001329;21/01/2022;20:25:00;CALL. VIA LUSITANA / AVDA. POBLADOS;150;11;CARABANCHEL;Colisión lateral;Despejado;Bicicleta;Conductor;De 41 a 50 años;Hombre;2;Ingreso inferior o igual a 24 horas;437.053.160;4.468.785.914;N;NULL
2022S001410;22/01/2022;17:00:00;CALLE LUCHANA 25;25;7;CHAMBERÍ;Alcance;Despejado;Bicicleta;Conductor;De 31 a 40 años;Hombre;7;Asistencia sanitaria sólo en el lugar del accidente;440.692.261;4.475.868.453;N;NULL
2022S001489;23/01/2022;16:40:00;CALL. CARCASTILLO, 23;23;11;CARABANCHEL;Caída;Despejado;Bicicleta EPAC (pedaleo asistido);Conductor;De 18 a 30 años;Hombre;7;Asistencia sanitaria sólo en el lugar del accidente;437.553.744;4.470.006.681;N;NULL
2022S001538;24/01/2022;16:15:00;CALL. ALCALA, 85;85;4;SALAMANCA;Alcance;Nublado;Bicicleta;Conductor;De 31 a 40 años;Mujer;6;Asistencia sanitaria inmediata en centro de salud o mutua;441.847.321;4.474.662.181;N;NULL
2022S001557;24/01/2022;19:11:00;CALL. ALCALA, 204;204;4;SALAMANCA;Alcance;Despejado;Bicicleta EPAC (pedaleo asistido);Conductor;De 18 a 30 años;Mujer;7;Asistencia sanitaria sólo en el lugar del accidente;443.811.805;4.475.807.975;N;NULL
2022S001597;25/01/2022;12:10:00;CALL. MAURICIO LEGENDRE, 11;11;5;CHAMARTÍN;Choque contra obstáculo fijo;Despejado;Bicicleta;Conductor;De 18 a 30 años;Hombre;7;Asistencia sanitaria sólo en el lugar del accidente;441.787.820;4.480.139.275;N;NULL
2022S001623;25/01/2022;18:15:00;CALL. O'DONNELL / CALL. ALCALA;1;4;SALAMANCA;Colisión lateral;Despejado;Bicicleta;Conductor;Desconocido;Desconocido;NULL;NULL;441.995.327;4.474.701.923;N;NULL
2022S001682;26/01/2022;15:35:00;CALL. COLOMBIA / CALL. PRINCIPE DE VERGARA;8;5;CHAMARTÍN;Colisión lateral;NULL;Bicicleta;Conductor;De 41 a 50 años;Hombre;NULL;NULL;442.578.923;4.478.720.049;N;NULL
2022S001694;26/01/2022;19:38:00;AVDA. LAS SUERTES / CALL. PILAR DE MADARIAGA ROJO;83;18;VILLA DE VALLECAS;Atropello a persona;Despejado;Bicicleta;Conductor;Hasta 17 años;Hombre;14;Sin asistencia sanitaria;449.824.429;4.468.207.236;N;NULL
2022S001694;26/01/2022;19:38:00;AVDA. LAS SUERTES / CALL. PILAR DE MADARIAGA ROJO;83;18;VILLA DE VALLECAS;Atropello a persona;Despejado;Bicicleta;Peatón;De 41 a 50 años;Hombre;14;Sin asistencia sanitaria;449.824.429;4.468.207.236;N;NULL
2022S001694;26/01/2022;19:38:00;AVDA. LAS SUERTES / CALL. PILAR DE MADARIAGA ROJO;83;18;VILLA DE VALLECAS;Atropello a persona;Despejado;Bicicleta;Peatón;Hasta 17 años;Mujer;1;Atención en urgencias sin posterior ingreso;449.824.429;4.468.207.236;N;NULL
2022S001759;27/01/2022;15:57:00;CALL. BERRUGUETE / CALL. BURGOS;54;6;TETUÁN;Caída;Despejado;Bicicleta EPAC (pedaleo asistido);Conductor;De 18 a 30 años;Mujer;14;Sin asistencia sanitaria;440.241.331;4.478.913.854;N;NULL
2022S001772;27/01/2022;19:00:00;AVDA. LOS ROSALES, 399;399;17;VILLAVERDE;Colisión fronto-lateral;Despejado;Bicicleta;Conductor;De 51 a 60 años;Hombre;7;Asistencia sanitaria sólo en el lugar del accidente;443.536.858;4.465.120.038;N;NULL
2022S001858;28/01/2022;16:05:00;CALL. RAIMUNDO LULIO / CALL. SANTA ENGRACIA;24;7;CHAMBERÍ;Colisión frontal;Despejado;Bicicleta;Conductor;De 18 a 30 años;Mujer;2;Ingreso inferior o igual a 24 horas;440.799.278;4.476.046.192;N;NULL
2022S001906;28/01/2022;23:25:00;PASEO. MARQUES DE ZAFRA / CALL. DOCTOR ESQUERDO;2;4;SALAMANCA;Colisión fronto-lateral;Despejado;Bicicleta EPAC (pedaleo asistido);Conductor;De 18 a 30 años;Mujer;7;Asistencia sanitaria sólo en el lugar del accidente;443.303.029;4.475.349.263;N;NULL
2022S002062;29/01/2022;13:20:00;CALL. PORTOMARIN / CALL. ISABEL COLBRAND;5;8;FUENCARRAL-EL PARDO;Colisión fronto-lateral;Despejado;Bicicleta;Conductor;De 41 a 50 años;Mujer;6;Asistencia sanitaria inmediata en centro de salud o mutua;443.155.958;4.485.038.114;N;NULL
2022S002084;30/01/2022;13:10:00;AVDA. ALBUFERA, 25;25;13;PUENTE DE VALLECAS;Colisión lateral;Despejado;Bicicleta;Conductor;De 18 a 30 años;Hombre;7;Asistencia sanitaria sólo en el lugar del accidente;443.381.434;4.472.064.741;N;NULL
2022S002111;30/01/2022;19:20:00;CALL. ALCALA / CALL. VELAZQUEZ;60;3;RETIRO;Colisión lateral;Despejado;Bicicleta EPAC (pedaleo asistido);Conductor;De 18 a 30 años;Mujer;7;Asistencia sanitaria sólo en el lugar del accidente;441.887.286;4.474.671.353;N;NULL
2022S002229;31/01/2022;14:50:00;PLAZA. PICO SALVAGUARDIA / AUTOV. M-607;1;8;FUENCARRAL-EL PARDO;Colisión fronto-lateral;Despejado;Bicicleta;Conductor;De 31 a 40 años;Hombre;7;Asistencia sanitaria sólo en el lugar del accidente;440.911.270;4.482.268.398;N;NULL
2022S002246;01/02/2022;18:00:00;CALL. TOLOSA, 20;20;12;USERA;Atropello a persona;Despejado;Bicicleta EPAC (pedaleo asistido);Conductor;De 31 a 40 años;Mujer;14;Sin asistencia sanitaria;439.418.167;4.469.453.282;N;NULL
2022S002246;01/02/2022;18:00:00;CALL. TOLOSA, 20;20;12;USERA;Atropello a persona;Despejado;Bicicleta EPAC (pedaleo asistido);Peatón;De 41 a 50 años;Mujer;2;Ingreso inferior o igual a 24 horas;439.418.167;4.469.453.282;N;NULL
2022S002292;26/01/2022;10:00:00;AVDA. COMPLUTENSE / CALL. PROFESOR ARANGUREN;1;9;MONCLOA-ARAVACA;Colisión lateral;Despejado;Bicicleta;Conductor;De 41 a 50 años;Hombre;7;Asistencia sanitaria sólo en el lugar del accidente;438.232.184;4.477.765.563;N;NULL
2022S002346;02/02/2022;22:50:00;PLAZA. ALOSNO / AV DEMOCRACIA/PZA ALOSNO;4;19;VICÁLVARO;Colisión fronto-lateral;Despejado;Bicicleta;Conductor;De 18 a 30 años;Hombre;NULL;NULL;447.651.300;4.472.928.877;N;NULL
2022S002463;03/02/2022;20:45:00;CALL. FERNANDEZ DE LOS RIOS, 34;34;7;CHAMBERÍ;Colisión lateral;Despejado;Bicicleta;Conductor;De 18 a 30 años;Hombre;7;Asistencia sanitaria sólo en el lugar del accidente;439.980.215;4.476.286.551;N;NULL
2022S002498;04/02/2022;7:50:00;CALL. RIBERA DEL SENA / GTA. LUXEMBURGO;14;21;BARAJAS;Colisión fronto-lateral;Despejado;Bicicleta;Conductor;De 51 a 60 años;Hombre;NULL;NULL;447.420.978;4.479.334.458;N;NULL
2022S002504;04/02/2022;12:00:00;CALL. BLASCO DE GARAY, 15;15;7;CHAMBERÍ;Alcance;Despejado;Bicicleta;Conductor;De 31 a 40 años;Hombre;NULL;NULL;439.629.028;4.475.900.171;N;NULL
2022S002603;05/02/2022;13:00:00;CALL. ALCALDE SAINZ DE BARANDA, 62;62;3;RETIRO;Caída;Despejado;Bicicleta;Conductor;De 51 a 60 años;Hombre;1;Atención en urgencias sin posterior ingreso;443.142.574;4.474.201.444;N;NULL
2022S002634;05/02/2022;20:40:00;CALL. GRAN VIA, 74;74;1;CENTRO;Alcance;Despejado;Bicicleta;Conductor;De 18 a 30 años;Hombre;NULL;NULL;439.785.757;4.474.924.304;N;NULL
2022S002662;05/02/2022;6:30:00;CALL. CARTAGENA / CALL. AZCONA;30;4;SALAMANCA;Colisión fronto-lateral;Despejado;Bicicleta;Conductor;De 31 a 40 años;Hombre;2;Ingreso inferior o igual a 24 horas;443.136.386;4.476.115.860;N;NULL
2022S002703;06/02/2022;12:45:00;PASEO. PRADO, 7;7;3;RETIRO;Atropello a persona;Despejado;Bicicleta;Conductor;De 61 a 70 años;Hombre;14;Sin asistencia sanitaria;441.215.781;4.473.760.056;N;NULL
2022S002703;06/02/2022;12:45:00;PASEO. PRADO, 7;7;3;RETIRO;Atropello a persona;Despejado;Bicicleta;Peatón;De 18 a 30 años;Mujer;2;Ingreso inferior o igual a 24 horas;441.215.781;4.473.760.056;N;NULL
2022S002703;06/02/2022;12:45:00;PASEO. PRADO, 7;7;3;RETIRO;Atropello a persona;Despejado;Bicicleta;Peatón;Más de 71 años;Mujer;2;Ingreso inferior o igual a 24 horas;441.215.781;4.473.760.056;N;NULL
2022S002736;07/02/2022;8:45:00;CALL. HERMANOS GARCIA NOBLEJAS, 21;21;20;SAN BLAS-CANILLEJAS;Colisión fronto-lateral;Despejado;Bicicleta;Conductor;De 31 a 40 años;Hombre;1;Atención en urgencias sin posterior ingreso;446.131.279;4.476.115.208;N;NULL
2022S002768;07/02/2022;18:35:00;PLAZA. COLON / CALL. GENOVA;1;1;CENTRO;Colisión lateral;Despejado;Bicicleta;Conductor;De 41 a 50 años;Hombre;14;Sin asistencia sanitaria;441.385.731;4.475.199.867;N;NULL
2022S002821;08/02/2022;15:50:00;CTRA. CIUDAD UNIVERSITARIA, 0;0;9;MONCLOA-ARAVACA;Colisión fronto-lateral;Despejado;Bicicleta;Conductor;De 18 a 30 años;Hombre;7;Asistencia sanitaria sólo en el lugar del accidente;435.637.278;4.474.644.026;N;NULL
2022S002821;08/02/2022;15:50:00;CTRA. CIUDAD UNIVERSITARIA, 0;0;9;MONCLOA-ARAVACA;Colisión fronto-lateral;Despejado;Bicicleta;Conductor;De 61 a 70 años;Hombre;6;Asistencia sanitaria inmediata en centro de salud o mutua;435.637.278;4.474.644.026;N;NULL
2022S002884;08/02/2022;20:30:00;CALL. GRAN VIA / CALL. GONZALO JIMENEZ DE QUESADA;32;1;CENTRO;Colisión fronto-lateral;Despejado;Bicicleta;Conductor;De 31 a 40 años;Hombre;7;Asistencia sanitaria sólo en el lugar del accidente;440.360.257;4.474.630.940;N;NULL
2022S002887;08/02/2022;18:00:00;CALL. PRECIADOS / CALL. ROMPELANZAS;13;1;CENTRO;Atropello a persona;Despejado;Bicicleta;Conductor;De 18 a 30 años;Hombre;14;Sin asistencia sanitaria;440.181.532;4.474.480.931;N;NULL
2022S002887;08/02/2022;18:00:00;CALL. PRECIADOS / CALL. ROMPELANZAS;13;1;CENTRO;Atropello a persona;Despejado;Bicicleta;Peatón;De 18 a 30 años;Hombre;7;Asistencia sanitaria sólo en el lugar del accidente;440.181.532;4.474.480.931;N;NULL
2022S003022;05/02/2022;11:35:00;CALL. PROFESOR JOSE GARCIA SANTESMASES, 9;9;9;MONCLOA-ARAVACA;Caída;Despejado;Bicicleta;Conductor;Más de 71 años;Hombre;7;Asistencia sanitaria sólo en el lugar del accidente;438.042.796;4.478.341.181;N;NULL
2022S003043;10/02/2022;14:10:00;CALL. OBENQUE / CALL. NORAY;1;21;BARAJAS;Colisión fronto-lateral;Despejado;Bicicleta;Conductor;De 61 a 70 años;Hombre;7;Asistencia sanitaria sólo en el lugar del accidente;449.558.371;4.477.939.031;N;NULL
2022S003108;10/02/2022;9:50:00;PASEO. PIÑONERO / CALL. ANILLO VERDE;3;9;MONCLOA-ARAVACA;Colisión frontal;Despejado;Bicicleta;Conductor;De 18 a 30 años;Hombre;5;Asistencia sanitaria ambulatoria con posterioridad;438.137.416;4.474.626.988;N;NULL
2022S003108;10/02/2022;9:50:00;PASEO. PIÑONERO / CALL. ANILLO VERDE;3;9;MONCLOA-ARAVACA;Colisión frontal;Despejado;Bicicleta;Conductor;De 41 a 50 años;Hombre;14;Sin asistencia sanitaria;438.137.416;4.474.626.988;N;NULL
2022S003137;11/02/2022;19:05:00;PASEO. RUPERTO CHAPI, 0;0;9;MONCLOA-ARAVACA;Caída;Despejado;Bicicleta EPAC (pedaleo asistido);Conductor;Hasta 17 años;Hombre;1;Atención en urgencias sin posterior ingreso;438.392.854;4.476.097.143;N;NULL
2022S003241;12/02/2022;8:33:00;AVDA. ANDES, 50;50;16;HORTALEZA;Colisión fronto-lateral;Despejado;Bicicleta;Conductor;De 41 a 50 años;Hombre;1;Atención en urgencias sin posterior ingreso;447.606.973;4.478.735.782;N;NULL
2022S003256;12/02/2022;12:50:00;CALL. ROSALIA DE CASTRO, 69;69;8;FUENCARRAL-EL PARDO;Caída;Despejado;Bicicleta;Conductor;Hasta 17 años;Hombre;2;Ingreso inferior o igual a 24 horas;437.786.974;4.481.800.670;N;NULL
2022S003280;08/02/2022;6:33:00;CALL. DAIMIEL / PASEO. ERMITA DEL SANTO;9;10;LATINA;Colisión fronto-lateral;Despejado;Bicicleta;Conductor;De 31 a 40 años;Hombre;2;Ingreso inferior o igual a 24 horas;438.590.678;4.473.376.435;N;NULL
2022S003341;13/02/2022;14:20:00;CALL. RAIMUNDO FERNANDEZ VILLAVERDE, 30;30;7;CHAMBERÍ;Choque contra obstáculo fijo;Despejado;Bicicleta;Conductor;De 18 a 30 años;Hombre;2;Ingreso inferior o igual a 24 horas;440.669.764;4.477.553.993;N;NULL
2022S003344;12/02/2022;19:50:00;CUSTA. SAN VICENTE, 40;40;9;MONCLOA-ARAVACA;Caída;Despejado;Bicicleta EPAC (pedaleo asistido);Conductor;De 61 a 70 años;Hombre;7;Asistencia sanitaria sólo en el lugar del accidente;439.025.523;4.474.666.804;N;NULL
2022S003379;11/02/2022;13:35:00;AVDA. MANZANARES, FRENTE AL 198;198;12;USERA;Atropello a persona;Despejado;Bicicleta;Conductor;De 61 a 70 años;Hombre;7;Asistencia sanitaria sólo en el lugar del accidente;440.377.629;4.471.645.073;N;NULL
2022S003379;11/02/2022;13:35:00;AVDA. MANZANARES, FRENTE AL 198;198;12;USERA;Atropello a persona;Despejado;Bicicleta;Peatón;Hasta 17 años;Mujer;7;Asistencia sanitaria sólo en el lugar del accidente;440.377.629;4.471.645.073;N;NULL
2022S003383;14/02/2022;9:00:00;CALL. SERRANO, 144;144;5;CHAMARTÍN;Alcance;Despejado;Bicicleta EPAC (pedaleo asistido);Conductor;De 51 a 60 años;Mujer;7;Asistencia sanitaria sólo en el lugar del accidente;441.825.922;4.477.078.064;N;NULL
2022S003412;14/02/2022;16:07:00;PASEO. ACACIAS,FRENTE AL NÚMERO ,69;69;2;ARGANZUELA;Caída;Despejado;Bicicleta EPAC (pedaleo asistido);Conductor;De 18 a 30 años;Hombre;6;Asistencia sanitaria inmediata en centro de salud o mutua;439.466.706;4.472.532.803;N;NULL
2022S003425;14/02/2022;17:30:00;CALL. FRANCOS RODRIGUEZ / CALL. MARGARITAS;52;6;TETUÁN;Colisión fronto-lateral;Despejado;Bicicleta EPAC (pedaleo asistido);Conductor;De 18 a 30 años;Hombre;7;Asistencia sanitaria sólo en el lugar del accidente;440.105.949;4.478.680.818;N;NULL
2022S003434;14/02/2022;21:05:00;CALL. SAN BERNARDO, 77;77;1;CENTRO;Colisión fronto-lateral;Despejado;Bicicleta EPAC (pedaleo asistido);Conductor;De 18 a 30 años;Hombre;NULL;NULL;440.077.663;4.475.441.954;N;NULL
2022S003494;15/02/2022;17:25:00;PLAZA DE EMPERADOR CARLOS V;10;1;CENTRO;Alcance;Despejado;Bicicleta;Conductor;De 51 a 60 años;Hombre;14;Sin asistencia sanitaria;441.240.237;4.473.350.338;N;NULL
2022S003631;05/02/2022;12:00:00;AVDA. VALLADOLID, 83;83;9;MONCLOA-ARAVACA;Colisión fronto-lateral;Despejado;Bicicleta;Conductor;De 31 a 40 años;Hombre;7;Asistencia sanitaria sólo en el lugar del accidente;437.715.917;4.476.174.373;N;NULL
2022S003681;16/02/2022;15:10:00;CALL. BARCELO / CALL. FUENCARRAL;1;1;CENTRO;Colisión fronto-lateral;Despejado;Bicicleta;Conductor;De 18 a 30 años;Hombre;5;Asistencia sanitaria ambulatoria con posterioridad;440.511.394;4.475.309.603;N;NULL
2022S003690;16/02/2022;17:30:00;CALL. MESON DE PAREDES / CALL. JUANELO;10;1;CENTRO;Colisión fronto-lateral;Despejado;Bicicleta EPAC (pedaleo asistido);Conductor;De 51 a 60 años;Mujer;1;Atención en urgencias sin posterior ingreso;440.178.326;4.473.655.669;N;NULL
2022S003770;16/02/2022;20:00:00;CALL. ALBERTO AGUILERA, 8;8;7;CHAMBERÍ;Colisión lateral;Despejado;Bicicleta;Conductor;De 18 a 30 años;Mujer;7;Asistencia sanitaria sólo en el lugar del accidente;440.049.160;4.475.700.279;N;NULL
2022S003825;17/02/2022;12:40:00;PASEO. ACACIAS / PASEO. OLMOS;30A;2;ARGANZUELA;Colisión lateral;Despejado;Bicicleta;Conductor;De 51 a 60 años;Hombre;3;Ingreso superior a 24 horas;439.719.397;4.472.720.886;N;NULL
2022S003870;17/02/2022;16:15:00;AUTOV. M-30, +02000E SALIDA 20A, SENDA CICLABLE;+02000E;9;MONCLOA-ARAVACA;Caída;Despejado;Bicicleta;Conductor;De 31 a 40 años;Mujer;2;Ingreso inferior o igual a 24 horas;437.515.941;4.476.210.722;N;NULL
2022S003895;17/02/2022;12:50:00;CALL. DOCTOR VALLEJO / CALL. SAMBARA;17;15;CIUDAD LINEAL;Colisión fronto-lateral;Despejado;Bicicleta;Conductor;De 31 a 40 años;Hombre;1;Atención en urgencias sin posterior ingreso;445.383.795;4.476.472.099;N;NULL
2022S003937;18/02/2022;11:30:00;CALL. SEGOVIA / CALL. BEATRIZ GALINDO;21;1;CENTRO;Alcance;Despejado;Bicicleta EPAC (pedaleo asistido);Conductor;De 31 a 40 años;Mujer;NULL;NULL;439.445.680;4.473.943.628;N;NULL
2022S003968;18/02/2022;13:55:00;CALL. SAN QUINTIN / CALL. BAILEN;10;1;CENTRO;Caída;Despejado;Bicicleta;Conductor;De 18 a 30 años;Hombre;7;Asistencia sanitaria sólo en el lugar del accidente;439.528.966;4.474.570.396;N;NULL
2022S004257;20/02/2022;11:10:00;CALL. ANDRES MELLADO / CALL. DONOSO CORTES;66;7;CHAMBERÍ;Colisión fronto-lateral;Despejado;Bicicleta;Conductor;De 18 a 30 años;Hombre;7;Asistencia sanitaria sólo en el lugar del accidente;439.421.373;4.476.445.406;N;NULL
2022S004318;18/02/2022;17:02:00;CALL. CERRO MINGUETE, 14A;14A;8;FUENCARRAL-EL PARDO;Colisión lateral;Despejado;Bicicleta;Conductor;De 51 a 60 años;Hombre;NULL;NULL;439.174.274;4.482.044.898;N;NULL
2022S004340;21/02/2022;17:32:00;CALL. ARGÜESO / CALL. PELICANO;27;11;CARABANCHEL;Colisión fronto-lateral;Despejado;Bicicleta;Conductor;De 18 a 30 años;Hombre;1;Atención en urgencias sin posterior ingreso;438.333.476;4.470.591.750;N;NULL
2022S004492;22/02/2022;14:30:00;CALL. CLARA CAMPOAMOR, 25;25;11;CARABANCHEL;Caída;Despejado;Bicicleta EPAC (pedaleo asistido);Conductor;De 41 a 50 años;Mujer;5;Asistencia sanitaria ambulatoria con posterioridad;437.749.445;4.470.645.442;N;NULL
2022S004570;23/02/2022;11:40:00;AVDA. NICETO ALCALA ZAMORA, 4;4;16;HORTALEZA;Colisión fronto-lateral;Despejado;Bicicleta;Conductor;De 41 a 50 años;Hombre;2;Ingreso inferior o igual a 24 horas;444.947.011;4.481.407.058;N;NULL
2022S004577;23/02/2022;10:35:00;AUTOV. M-607, +00900E;+00900E;8;FUENCARRAL-EL PARDO;Caída;Despejado;Bicicleta;Conductor;De 51 a 60 años;Hombre;2;Ingreso inferior o igual a 24 horas;440.271.528;4.489.059.353;N;NULL
2022S004591;22/02/2022;18:35:00;CTRA. M-612, 4100S;4100S;8;FUENCARRAL-EL PARDO;Caída;Despejado;Bicicleta;Conductor;Hasta 17 años;Hombre;1;Atención en urgencias sin posterior ingreso;437.373.342;4.485.092.675;N;NULL
2022S004596;23/02/2022;16:00:00;CALL. GARCILASO, 11;11;7;CHAMBERÍ;Colisión lateral;Despejado;Bicicleta EPAC (pedaleo asistido);Conductor;De 18 a 30 años;Hombre;14;Sin asistencia sanitaria;440.632.707;4.475.966.121;N;NULL
2022S004779;21/02/2022;18:25:00;CALL. PEDRO RICO / CALL. ARZOBISPO MORCILLO;51;8;FUENCARRAL-EL PARDO;Colisión fronto-lateral;Despejado;Bicicleta;Conductor;De 61 a 70 años;Hombre;7;Asistencia sanitaria sólo en el lugar del accidente;440.756.032;4.481.681.539;N;NULL
2022S004858;24/02/2022;19:20:00;CTRA. CANILLAS / CALL. MATAPOZUELOS;17;16;HORTALEZA;Colisión fronto-lateral;Despejado;Bicicleta;Conductor;De 31 a 40 años;Mujer;6;Asistencia sanitaria inmediata en centro de salud o mutua;444.753.001;4.479.363.016;N;NULL
2022S004946;25/02/2022;23:40:00;CALL. BRETON DE LOS HERREROS / CALL. ALONSO CANO;28;7;CHAMBERÍ;Colisión lateral;Despejado;Bicicleta;Conductor;De 18 a 30 años;Mujer;1;Atención en urgencias sin posterior ingreso;440.825.149;4.476.773.703;N;NULL
2022S005282;28/02/2022;20:10:00;CALL. CARLOS II, 2;2;20;SAN BLAS-CANILLEJAS;Colisión frontal;Despejado;Bicicleta;Conductor;Hasta 17 años;Hombre;7;Asistencia sanitaria sólo en el lugar del accidente;448.505.034;4.475.342.746;N;NULL
2022S005313;28/02/2022;13:30:00;CTRA. ZARZON, 6;6;9;MONCLOA-ARAVACA;Atropello a persona;Despejado;Bicicleta EPAC (pedaleo asistido);Conductor;De 51 a 60 años;Hombre;NULL;NULL;434.024.875;4.473.746.840;N;NULL
2022S005313;28/02/2022;13:30:00;CTRA. ZARZON, 6;6;9;MONCLOA-ARAVACA;Atropello a persona;Despejado;Bicicleta EPAC (pedaleo asistido);Peatón;Hasta 17 años;Mujer;NULL;NULL;434.024.875;4.473.746.840;N;NULL
2022S005409;02/03/2022;15:30:00;AVDA. AURORA BOREAL / CMNO. FUENTE DE ARRIBA;4;19;VICÁLVARO;Alcance;Despejado;Bicicleta;Conductor;De 51 a 60 años;Hombre;NULL;NULL;448.102.101;4.472.522.775;N;NULL
2022S005520;03/03/2022;14:10:00;CALL. VILLACID DE CAMPOS / CMNO. FUENTE DE ARRIBA;1;19;VICÁLVARO;Caída;LLuvia intensa;Bicicleta;Conductor;De 18 a 30 años;Hombre;5;Asistencia sanitaria ambulatoria con posterioridad;448.265.318;4.472.683.597;N;NULL
2022S005560;03/03/2022;16:20:00;CALL. JUAN BRAVO, 5;5;4;SALAMANCA;Alcance;LLuvia intensa;Bicicleta;Conductor;De 18 a 30 años;Hombre;7;Asistencia sanitaria sólo en el lugar del accidente;441.952.155;4.476.035.408;N;NULL
2022S005613;03/03/2022;21:20:00;CALL. SANTA ENGRACIA, 57;57;7;CHAMBERÍ;Atropello a persona;Lluvia débil;Bicicleta;Conductor;De 18 a 30 años;Hombre;7;Asistencia sanitaria sólo en el lugar del accidente;440.772.361;4.476.130.587;N;NULL
2022S005613;03/03/2022;21:20:00;CALL. SANTA ENGRACIA, 57;57;7;CHAMBERÍ;Atropello a persona;Lluvia débil;Bicicleta;Peatón;De 18 a 30 años;Mujer;14;Sin asistencia sanitaria;440.772.361;4.476.130.587;N;NULL
2022S005661;04/03/2022;11:20:00;CALL. PORTICO DE LA GLORIA / RONDA DE LA COMUNICACION;2;8;FUENCARRAL-EL PARDO;Colisión fronto-lateral;Nublado;Bicicleta;Conductor;De 31 a 40 años;Hombre;2;Ingreso inferior o igual a 24 horas;443.690.158;4.485.429.285;N;NULL
2022S005712;04/03/2022;20:45:00;CALL. GRAN VIA / CALL. SILVA;45;1;CENTRO;Alcance;Despejado;Bicicleta EPAC (pedaleo asistido);Conductor;De 18 a 30 años;Hombre;7;Asistencia sanitaria sólo en el lugar del accidente;440.004.857;4.474.725.764;N;NULL
2022S005727;05/03/2022;0:15:00;CALL. SEGOVIA, 19;19;1;CENTRO;Colisión lateral;Despejado;Bicicleta EPAC (pedaleo asistido);Conductor;De 31 a 40 años;Mujer;6;Asistencia sanitaria inmediata en centro de salud o mutua;439.515.992;4.473.940.571;N;NULL
2022S005803;05/03/2022;15:15:00;CALL. LUIS CABRERA / CALL. JUAN BAUTISTA DE TOLEDO;64;5;CHAMARTÍN;Colisión fronto-lateral;Despejado;Bicicleta EPAC (pedaleo asistido);Conductor;De 18 a 30 años;Hombre;7;Asistencia sanitaria sólo en el lugar del accidente;442.853.072;4.477.199.851;N;NULL
2022S005825;05/03/2022;20:45:00;PASEO. RECOLETOS, 17;17;1;CENTRO;Colisión lateral;Despejado;Bicicleta EPAC (pedaleo asistido);Conductor;De 31 a 40 años;Hombre;1;Atención en urgencias sin posterior ingreso;441.261.301;4.474.808.938;N;NULL
2022S005901;06/03/2022;12:55:00;CALL. SERRANO, 25;25;4;SALAMANCA;Colisión lateral;Despejado;Bicicleta EPAC (pedaleo asistido);Conductor;De 51 a 60 años;Mujer;2;Ingreso inferior o igual a 24 horas;441.665.390;4.475.329.903;N;NULL
2022S005901;06/03/2022;12:55:00;CALL. SERRANO, 25;25;4;SALAMANCA;Colisión lateral;Despejado;Bicicleta EPAC (pedaleo asistido);Peatón;De 51 a 60 años;Mujer;14;Sin asistencia sanitaria;441.665.390;4.475.329.903;N;NULL
2022S005905;06/03/2022;15:30:00;CALL. VALMOJADO / CALL. ILLESCAS;121;10;LATINA;Colisión fronto-lateral;Despejado;Bicicleta;Conductor;Hasta 17 años;Hombre;3;Ingreso superior a 24 horas;435.644.138;4.471.533.710;N;NULL
2022S005920;06/03/2022;14:30:00;CALL. FUENTE CARRANTONA, 23;23;14;MORATALAZ;Caída;Despejado;Bicicleta;Conductor;De 51 a 60 años;Hombre;14;Sin asistencia sanitaria;446.202.411;4.472.791.495;N;NULL
2022S005920;06/03/2022;14:30:00;CALL. FUENTE CARRANTONA, 23;23;14;MORATALAZ;Caída;Despejado;Bicicleta;Peatón;Hasta 17 años;Hombre;14;Sin asistencia sanitaria;446.202.411;4.472.791.495;N;NULL
2022S006015;08/03/2022;8:25:00;CALL. RICARDO ORTIZ, 55;55;15;CIUDAD LINEAL;Colisión lateral;Despejado;Bicicleta;Conductor;De 41 a 50 años;Hombre;NULL;NULL;444.218.765;4.475.065.487;N;NULL
2022S006033;08/03/2022;12:15:00;AVDA. LAS AGUILAS, 41;41;10;LATINA;Alcance;Nublado;Bicicleta EPAC (pedaleo asistido);Conductor;De 18 a 30 años;Hombre;7;Asistencia sanitaria sólo en el lugar del accidente;434.599.674;4.470.567.580;N;NULL
2022S006171;09/03/2022;14:00:00;CALL. EMBAJADORES / CALL. SODIO;195;2;ARGANZUELA;Caída;Despejado;Bicicleta;Conductor;De 41 a 50 años;Hombre;1;Atención en urgencias sin posterior ingreso;441.317.036;4.471.131.225;N;NULL
2022S006177;10/03/2022;9:15:00;PASEO. VENEZUELA / PASEO. FERNAN NUÑEZ;1;3;RETIRO;Caída;Lluvia débil;Bicicleta EPAC (pedaleo asistido);Conductor;De 41 a 50 años;Mujer;7;Asistencia sanitaria sólo en el lugar del accidente;442.284.552;4.474.173.614;N;NULL
2022S006187;10/03/2022;12:40:00;CALL. SILVA / PLAZA. SANTO DOMINGO;2;1;CENTRO;Colisión frontal;Despejado;Bicicleta EPAC (pedaleo asistido);Conductor;De 31 a 40 años;Hombre;1;Atención en urgencias sin posterior ingreso;439.908.710;4.474.676.348;N;NULL
2022S006266;10/03/2022;19:05:00;CALL. ARROYO DEL MONTE, 57;57;8;FUENCARRAL-EL PARDO;Alcance;Despejado;Bicicleta;Conductor;De 41 a 50 años;Hombre;3;Ingreso superior a 24 horas;438.284.899;4.482.244.314;N;NULL
2022S006352;10/03/2022;22:50:00;CALL. O'DONNELL, 29;29;4;SALAMANCA;Alcance;Despejado;Bicicleta;Conductor;De 31 a 40 años;Hombre;2;Ingreso inferior o igual a 24 horas;442.584.220;4.474.774.027;N;NULL
2022S006366;11/03/2022;15:55:00;AVDA. TOREROS / CALL. CAMPANAR;43;4;SALAMANCA;Colisión fronto-lateral;Nublado;Bicicleta;Conductor;De 51 a 60 años;Hombre;2;Ingreso inferior o igual a 24 horas;443.396.322;4.475.945.812;N;NULL
2022S006399;11/03/2022;17:10:00;CALL. JUAN BRAVO, 49;49;4;SALAMANCA;Colisión fronto-lateral;NULL;Bicicleta;Conductor;De 18 a 30 años;Mujer;NULL;NULL;442.654.454;4.475.968.134;N;NULL
2022S006430;11/03/2022;20:30:00;CALL. ISABEL LA CATOLICA, 12;12;1;CENTRO;Otro;Lluvia débil;Bicicleta;Conductor;De 31 a 40 años;Hombre;6;Asistencia sanitaria inmediata en centro de salud o mutua;439.831.408;4.474.801.889;N;NULL
2022S006607;12/03/2022;12:00:00;AVDA. MONASTERIO DE SILOS, 1;1;8;FUENCARRAL-EL PARDO;Caída;Despejado;Bicicleta;Conductor;De 31 a 40 años;Hombre;2;Ingreso inferior o igual a 24 horas;439.563.003;4.483.801.373;N;NULL
2022S006695;13/03/2022;0:40:00;CALL. PALOS DE LA FRONTERA / PASEO. SANTA MARIA DE LA CABEZA;12;2;ARGANZUELA;Colisión fronto-lateral;Lluvia débil;Bicicleta;Conductor;De 18 a 30 años;Hombre;7;Asistencia sanitaria sólo en el lugar del accidente;440.838.274;4.472.748.623;N;NULL
2022S006722;13/03/2022;9:40:00;CALL. CARABANCHEL BAJO / CALL. ALBOX;29;11;CARABANCHEL;Colisión fronto-lateral;Despejado;Bicicleta;Conductor;De 41 a 50 años;Hombre;7;Asistencia sanitaria sólo en el lugar del accidente;436.666.010;4.469.682.933;N;NULL
2022S006782;13/03/2022;13:30:00;CALL. ANDRES TAMAYO / CALL. BEJAR;23;4;SALAMANCA;Colisión fronto-lateral;Nublado;Bicicleta;Conductor;De 31 a 40 años;Hombre;7;Asistencia sanitaria sólo en el lugar del accidente;442.984.093;4.476.466.842;N;NULL
2022S006796;12/03/2022;21:04:00;AVDA. MANZANARES, 16;16;10;LATINA;Colisión frontal;Despejado;Bicicleta;Conductor;De 18 a 30 años;Hombre;14;Sin asistencia sanitaria;438.718.850;4.473.326.441;N;NULL
2022S006796;12/03/2022;21:04:00;AVDA. MANZANARES, 16;16;10;LATINA;Colisión frontal;Despejado;Bicicleta;Conductor;De 31 a 40 años;Hombre;7;Asistencia sanitaria sólo en el lugar del accidente;438.718.850;4.473.326.441;N;NULL
2022S006812;13/03/2022;20:50:00;CALL. ARQUITECTO SANCHEZ ARCAS, 1;1;9;MONCLOA-ARAVACA;Caída;Despejado;Bicicleta;Conductor;Desconocido;Desconocido;NULL;NULL;439.207.976;4.478.238.323;N;NULL
2022S006812;13/03/2022;20:50:00;CALL. ARQUITECTO SANCHEZ ARCAS, 1;1;9;MONCLOA-ARAVACA;Caída;Despejado;Bicicleta;Peatón;De 18 a 30 años;Hombre;14;Sin asistencia sanitaria;439.207.976;4.478.238.323;N;NULL
2022S007151;07/02/2022;21:56:00;CALL. AYALA / CALL. GENERAL DIAZ PORLIER;30;4;SALAMANCA;Caída;Despejado;Bicicleta;Conductor;De 51 a 60 años;Hombre;7;Asistencia sanitaria sólo en el lugar del accidente;442.569.528;4.475.399.674;N;NULL
2022S007228;16/03/2022;21:15:00;CALL. SIL / oria;14;5;CHAMARTÍN;Caída;Despejado;Bicicleta;Conductor;De 31 a 40 años;Hombre;14;Sin asistencia sanitaria;442.058.704;4.477.634.930;N;NULL
2022S007300;17/03/2022;20:30:00;CALL. SERRANO, 5;5;4;SALAMANCA;Colisión lateral;NULL;Bicicleta;Conductor;De 41 a 50 años;Hombre;NULL;NULL;441.586.839;4.474.769.159;N;NULL
2022S007328;18/03/2022;9:35:00;AVDA. POBLADOS / Anto;151;11;CARABANCHEL;Colisión fronto-lateral;Nublado;Bicicleta;Conductor;De 18 a 30 años;Hombre;NULL;NULL;437.910.374;4.469.449.815;N;NULL
2022S007368;17/03/2022;21:20:00;PASEO. CASTELLANA / CALL. MARIA DE MOLINA;66;4;SALAMANCA;Alcance;Nublado;Bicicleta EPAC (pedaleo asistido);Conductor;De 31 a 40 años;Mujer;5;Asistencia sanitaria ambulatoria con posterioridad;441.452.590;4.476.589.907;N;NULL
2022S007617;19/03/2022;19:45:00;CALL. DONOSO CORTES / CALL. ANDRES MELLADO;78;7;CHAMBERÍ;Colisión fronto-lateral;Nublado;Bicicleta;Conductor;De 31 a 40 años;Hombre;14;Sin asistencia sanitaria;439.419.732;4.476.444.436;N;NULL
2022S007679;20/03/2022;9:10:00;CALL. CAMARENA, 280;280;10;LATINA;Atropello a persona;Despejado;Bicicleta;Conductor;De 31 a 40 años;Hombre;14;Sin asistencia sanitaria;435.791.835;4.471.040.786;N;NULL
2022S007679;20/03/2022;9:10:00;CALL. CAMARENA, 280;280;10;LATINA;Atropello a persona;Despejado;Bicicleta;Peatón;Más de 71 años;Mujer;1;Atención en urgencias sin posterior ingreso;435.791.835;4.471.040.786;N;NULL
2022S007720;20/03/2022;18:23:00;CALL. RAMON PEREZ DE AYALA, 10;10;13;PUENTE DE VALLECAS;Atropello a animal;Nublado;Bicicleta;Conductor;Hasta 17 años;Hombre;NULL;NULL;444.384.590;4.472.221.134;N;NULL
2022S007773;21/03/2022;17:20:00;GTA. SAN VICENTE, 1;1;9;MONCLOA-ARAVACA;Caída;LLuvia intensa;Bicicleta;Conductor;De 31 a 40 años;Hombre;7;Asistencia sanitaria sólo en el lugar del accidente;438.860.443;4.474.664.418;N;NULL
2022S007862;22/03/2022;18:50:00;AVDA. MANZANARES, 58;58;11;CARABANCHEL;Atropello a persona;Nublado;Bicicleta;Conductor;Desconocido;Hombre;NULL;NULL;438.669.266;4.472.706.421;N;NULL
2022S007862;22/03/2022;18:50:00;AVDA. MANZANARES, 58;58;11;CARABANCHEL;Atropello a persona;Nublado;Bicicleta;Peatón;Hasta 17 años;Mujer;2;Ingreso inferior o igual a 24 horas;438.669.266;4.472.706.421;N;NULL
2022S008094;24/03/2022;10:00:00;PASEO. RECOLETOS, 22;22;4;SALAMANCA;Alcance;Lluvia débil;Bicicleta;Conductor;De 31 a 40 años;Hombre;7;Asistencia sanitaria sólo en el lugar del accidente;441.416.987;4.475.047.126;N;NULL
2022S008117;22/03/2022;17:15:00;AVDA. DOCTOR GARCIA TAPIA / CALL. LAPONIA;224;14;MORATALAZ;Atropello a persona;Despejado;Bicicleta;Conductor;De 31 a 40 años;Mujer;2;Ingreso inferior o igual a 24 horas;446.732.920;4.473.092.130;N;NULL
2022S008117;22/03/2022;17:15:00;AVDA. DOCTOR GARCIA TAPIA / CALL. LAPONIA;224;14;MORATALAZ;Atropello a persona;Despejado;Bicicleta;Peatón;Hasta 17 años;Mujer;7;Asistencia sanitaria sólo en el lugar del accidente;446.732.920;4.473.092.130;N;NULL
2022S008171;24/03/2022;17:52:00;RONDA. TOLEDO / CALL. GASOMETRO;30;2;ARGANZUELA;Caída;Lluvia débil;Bicicleta;Conductor;De 61 a 70 años;Hombre;7;Asistencia sanitaria sólo en el lugar del accidente;439.864.345;4.473.062.939;N;NULL
2022S008198;24/03/2022;17:32:00;CALL. SOR ANGELA DE LA CRUZ, 30;30;6;TETUÁN;Caída;Nublado;Bicicleta;Conductor;De 31 a 40 años;Mujer;7;Asistencia sanitaria sólo en el lugar del accidente;440.887.336;4.479.088.478;N;NULL
2022S008292;25/03/2022;17:30:00;CALL. JAVIER DEL QUINTO / CALL. AREQUIPA;12;16;HORTALEZA;Colisión fronto-lateral;Despejado;Bicicleta;Conductor;De 51 a 60 años;Hombre;NULL;NULL;445.581.459;4.479.916.377;N;NULL
2022S008313;25/03/2022;19:00:00;PLAZA. INDEPENDENCIA, 5;5;4;SALAMANCA;Caída;Lluvia débil;Bicicleta EPAC (pedaleo asistido);Conductor;De 31 a 40 años;Hombre;7;Asistencia sanitaria sólo en el lugar del accidente;441.578.301;4.474.650.773;N;NULL
2022S008389;26/03/2022;10:50:00;CMNO. VALDERRIBAS / CALL. DOCTOR SALGADO;54;13;PUENTE DE VALLECAS;Colisión fronto-lateral;NULL;Bicicleta;Conductor;Desconocido;Desconocido;NULL;NULL;443.738.138;4.472.352.475;N;NULL
2022S008490;27/03/2022;9:15:00;AVDA. LOS ROSALES / CALL. ZAFIRO;100;17;VILLAVERDE;Otro;Despejado;Bicicleta;Conductor;De 61 a 70 años;Hombre;NULL;NULL;442.634.994;4.466.722.338;N;NULL
2022S008490;27/03/2022;9:15:00;AVDA. LOS ROSALES / CALL. ZAFIRO;100;17;VILLAVERDE;Otro;Despejado;Bicicleta;Conductor;De 61 a 70 años;Hombre;NULL;NULL;442.634.994;4.466.722.338;N;NULL
2022S008526;27/03/2022;21:00:00;CALL. CLAVEL / CALL. GRAN VIA;1;1;CENTRO;Caída;Despejado;Bicicleta;Conductor;De 41 a 50 años;Hombre;14;Sin asistencia sanitaria;440.643.294;4.474.593.361;S;NULL
2022S008560;28/03/2022;13:20:00;CALL. DOCTOR SANCHEZ / CALL. PUERTO DE LA MORCUERA;25;13;PUENTE DE VALLECAS;Colisión fronto-lateral;Despejado;Bicicleta;Conductor;De 41 a 50 años;Hombre;7;Asistencia sanitaria sólo en el lugar del accidente;443.500.882;4.470.446.075;N;NULL
2022S008595;28/03/2022;21:45:00;CALL. CEA BERMUDEZ / CALL. GUZMAN EL BUENO;41;7;CHAMBERÍ;Colisión lateral;Despejado;Bicicleta;Conductor;De 18 a 30 años;Hombre;14;Sin asistencia sanitaria;439.542.637;4.476.721.807;N;NULL
2022S008606;28/03/2022;13:30:00;PQUE. MADRID RIO, +00320I;+00320I;2;ARGANZUELA;Atropello a persona;Despejado;Bicicleta;Conductor;Hasta 17 años;Hombre;14;Sin asistencia sanitaria;439.843.915;4.472.108.658;N;NULL
2022S008606;28/03/2022;13:30:00;PQUE. MADRID RIO, +00320I;+00320I;2;ARGANZUELA;Atropello a persona;Despejado;Bicicleta;Peatón;Más de 71 años;Mujer;1;Atención en urgencias sin posterior ingreso;439.843.915;4.472.108.658;N;NULL
2022S008630;29/03/2022;16:30:00;PASEO. INFANTA ISABEL, 25;25;3;RETIRO;Alcance;Despejado;Bicicleta;Conductor;De 31 a 40 años;Mujer;7;Asistencia sanitaria sólo en el lugar del accidente;441.735.031;4.473.104.470;N;NULL
2022S008668;28/03/2022;21:40:00;CALL. NURIA / CALL. PEÑA SIRIO;41;8;FUENCARRAL-EL PARDO;Colisión fronto-lateral;Nublado;Bicicleta;Conductor;De 51 a 60 años;Hombre;2;Ingreso inferior o igual a 24 horas;440.287.634;4.482.545.261;N;NULL
2022S008702;28/03/2022;13:00:00;PQUE. MADRID RIO, +00350I;+00350I;2;ARGANZUELA;Atropello a animal;Nublado;Bicicleta;Conductor;De 41 a 50 años;Mujer;7;Asistencia sanitaria sólo en el lugar del accidente;438.755.907;4.473.576.074;N;NULL
2022S009044;31/03/2022;20:50:00;PASEO. PRADO, 1;1;3;RETIRO;Colisión fronto-lateral;Despejado;Bicicleta;Conductor;De 18 a 30 años;Hombre;NULL;NULL;441.201.092;4.474.426.417;N;NULL
2022S009053;31/03/2022;23:44:00;CALL. CONDE DE PEÑALVER, 19;19;4;SALAMANCA;Alcance;Lluvia débil;Bicicleta;Conductor;De 18 a 30 años;Hombre;14;Sin asistencia sanitaria;442.599.279;4.475.124.503;N;NULL
